<?xml version="1.0" encoding="utf-8"?>
<index>
<item key="め"><value>dict00.xml</value><value>dict38.xml</value></item>
<item key="む"><value>dict00.xml</value><value>dict37.xml</value><value>dict38.xml</value></item>
<item key="も"><value>dict00.xml</value><value>dict38.xml</value></item>
<item key="や"><value>dict00.xml</value><value>dict38.xml</value><value>dict39.xml</value></item>
<item key="ゆ"><value>dict00.xml</value><value>dict39.xml</value></item>
<item key="ら"><value>dict40.xml</value></item>
<item key="よ"><value>dict00.xml</value><value>dict39.xml</value></item>
<item key="る"><value>dict40.xml</value></item>
<item key="り"><value>dict40.xml</value></item>
<item key="ろ"><value>dict40.xml</value><value>dict41.xml</value></item>
<item key="れ"><value>dict40.xml</value></item>
<item key="わ"><value>dict00.xml</value><value>dict41.xml</value></item>
<item key="あ"><value>dict04.xml</value><value>dict05.xml</value></item>
<item key="い"><value>dict04.xml</value><value>dict05.xml</value><value>dict06.xml</value></item>
<item key="う"><value>dict03.xml</value><value>dict04.xml</value><value>dict06.xml</value></item>
<item key="え"><value>dict03.xml</value><value>dict06.xml</value><value>dict07.xml</value></item>
<item key="か"><value>dict03.xml</value><value>dict08.xml</value><value>dict09.xml</value><value>dict10.xml</value></item>
<item key="お"><value>dict03.xml</value><value>dict07.xml</value><value>dict08.xml</value></item>
<item key="き"><value>dict03.xml</value><value>dict10.xml</value><value>dict11.xml</value><value>dict12.xml</value></item>
<item key="が"><value>dict03.xml</value><value>dict10.xml</value></item>
<item key="く"><value>dict02.xml</value><value>dict03.xml</value><value>dict12.xml</value><value>dict13.xml</value></item>
<item key="ぎ"><value>dict03.xml</value><value>dict12.xml</value></item>
<item key="け"><value>dict02.xml</value><value>dict13.xml</value><value>dict14.xml</value></item>
<item key="ぐ"><value>dict13.xml</value></item>
<item key="こ"><value>dict02.xml</value><value>dict14.xml</value><value>dict15.xml</value><value>dict16.xml</value></item>
<item key="げ"><value>dict02.xml</value><value>dict14.xml</value></item>
<item key="さ"><value>dict02.xml</value><value>dict16.xml</value><value>dict17.xml</value></item>
<item key="ご"><value>dict02.xml</value><value>dict16.xml</value></item>
<item key="し"><value>dict02.xml</value><value>dict17.xml</value><value>dict18.xml</value><value>dict19.xml</value><value>dict20.xml</value></item>
<item key="ざ"><value>dict02.xml</value><value>dict17.xml</value></item>
<item key="す"><value>dict02.xml</value><value>dict22.xml</value><value>dict23.xml</value></item>
<item key="じ"><value>dict02.xml</value><value>dict20.xml</value><value>dict21.xml</value><value>dict22.xml</value></item>
<item key="せ"><value>dict02.xml</value><value>dict23.xml</value><value>dict24.xml</value></item>
<item key="ず"><value>dict02.xml</value><value>dict23.xml</value></item>
<item key="そ"><value>dict02.xml</value><value>dict24.xml</value><value>dict25.xml</value></item>
<item key="ぜ"><value>dict02.xml</value><value>dict24.xml</value></item>
<item key="た"><value>dict02.xml</value><value>dict25.xml</value><value>dict26.xml</value></item>
<item key="ぞ"><value>dict02.xml</value><value>dict25.xml</value></item>
<item key="ち"><value>dict02.xml</value><value>dict26.xml</value><value>dict27.xml</value></item>
<item key="だ"><value>dict02.xml</value><value>dict26.xml</value></item>
<item key="ぢ"><value>dict27.xml</value></item>
<item key="づ"><value>dict01.xml</value><value>dict28.xml</value></item>
<item key="つ"><value>dict01.xml</value><value>dict02.xml</value><value>dict27.xml</value><value>dict28.xml</value></item>
<item key="で"><value>dict01.xml</value><value>dict28.xml</value><value>dict29.xml</value></item>
<item key="て"><value>dict01.xml</value><value>dict28.xml</value></item>
<item key="ど"><value>dict01.xml</value><value>dict30.xml</value></item>
<item key="と"><value>dict01.xml</value><value>dict29.xml</value><value>dict30.xml</value></item>
<item key="に"><value>dict01.xml</value><value>dict31.xml</value></item>
<item key="な"><value>dict01.xml</value><value>dict30.xml</value><value>dict31.xml</value></item>
<item key="ね"><value>dict01.xml</value><value>dict31.xml</value></item>
<item key="ぬ"><value>dict01.xml</value><value>dict31.xml</value></item>
<item key="は"><value>dict01.xml</value><value>dict32.xml</value><value>dict33.xml</value></item>
<item key="の"><value>dict01.xml</value><value>dict31.xml</value><value>dict32.xml</value></item>
<item key="ぱ"><value>dict33.xml</value></item>
<item key="ば"><value>dict01.xml</value><value>dict33.xml</value></item>
<item key="び"><value>dict34.xml</value></item>
<item key="ひ"><value>dict00.xml</value><value>dict01.xml</value><value>dict33.xml</value><value>dict34.xml</value></item>
<item key="ふ"><value>dict00.xml</value><value>dict34.xml</value><value>dict35.xml</value></item>
<item key="ぷ"><value>dict35.xml</value></item>
<item key="ぶ"><value>dict00.xml</value><value>dict35.xml</value></item>
<item key="べ"><value>dict35.xml</value></item>
<item key="へ"><value>dict00.xml</value><value>dict35.xml</value></item>
<item key="ほ"><value>dict00.xml</value><value>dict35.xml</value><value>dict36.xml</value></item>
<item key="ぺ"><value>dict35.xml</value></item>
<item key="ぽ"><value>dict36.xml</value></item>
<item key="ぼ"><value>dict00.xml</value><value>dict36.xml</value></item>
<item key="み"><value>dict00.xml</value><value>dict37.xml</value></item>
<item key="ま"><value>dict00.xml</value><value>dict36.xml</value><value>dict37.xml</value></item>
</index>
